{
  "engine": "eumech",
  "version": "1.0.0",
  "states": [
    {
      "step": 0,
      "coords": [
        0.0,
        0.0,
        0.0,
        0.0,
        0.0
      ]
    },
    {
      "step": 1,
      "coords": [
        0.5,
        0.0,
        0.0,
        0.0,
        0.0
      ]
    },
    {
      "step": 2,
      "coords": [
        0.5,
        0.5,
        0.0,
        0.0,
        0.0
      ]
    },
    {
      "step": 3,
      "coords": [
        0.0,
        0.5,
        0.0,
        0.0,
        0.0
      ]
    },
    {
      "step": 4,
      "coords": [
        0.0,
        0.0,
        0.0,
        0.0,
        0.0
      ]
    }
  ]
}